id;name;image;image_content_type
1;Generic Steel Tuna;../fake-data/blob/hipster.png;image/png
2;website calculating;../fake-data/blob/hipster.png;image/png
3;cross-platform support;../fake-data/blob/hipster.png;image/png
4;navigate wireless Chilean Peso Unidades de fomento;../fake-data/blob/hipster.png;image/png
5;reboot;../fake-data/blob/hipster.png;image/png
6;Dynamic magenta Track;../fake-data/blob/hipster.png;image/png
7;actuating THX;../fake-data/blob/hipster.png;image/png
8;Division;../fake-data/blob/hipster.png;image/png
9;Steel;../fake-data/blob/hipster.png;image/png
10;Kina networks;../fake-data/blob/hipster.png;image/png
